{
  "groups": {
    "#737373": {
      "label": "Country Visited",
      "paths": [
        "Alabama_US",
        "Alaska_US",
        "Arizona_US",
        "Arkansas_US",
        "California_US",
        "Colorado_US",
        "Connecticut_US",
        "Delaware_US",
        "District_of_Columbia_US",
        "Florida_US",
        "Georgia_US",
        "Idaho_US",
        "Illinois_US",
        "Indiana_US",
        "Iowa_US",
        "Kansas_US",
        "Kentucky_US",
        "Louisiana_US",
        "Maine_US",
        "Maryland_US",
        "Massachusetts_US",
        "Michigan_US",
        "Minnesota_US",
        "Mississippi_US",
        "Missouri_US",
        "Montana_US",
        "Nebraska_US",
        "Nevada_US",
        "New_Hampshire_US",
        "New_Jersey_US",
        "New_Mexico_US",
        "New_York_US",
        "North_Carolina_US",
        "North_Dakota_US",
        "Ohio_US",
        "Oklahoma_US",
        "Oregon_US",
        "Pennsylvania_US",
        "Rhode_Island_US",
        "South_Carolina_US",
        "South_Dakota_US",
        "Tennessee_US",
        "Texas_US",
        "Utah_US",
        "Vermont_US",
        "Virginia_US",
        "Washington_US",
        "West_Virginia_US",
        "Wisconsin_US",
        "Wyoming_US",
        "Alberta_CA",
        "British_Columbia_CA",
        "Manitoba_CA",
        "New_Brunswick_CA",
        "Newfoundland_and_Labrador_CA",
        "Northwest_Territories_CA",
        "Nova_Scotia_CA",
        "Nunavut_CA",
        "Ontario_CA",
        "Prince_Edward_Island_CA",
        "Québec_CA",
        "Saskatchewan_CA",
        "Yukon_CA",
        "Puerto_Rico_PR",
        "British_Virgin_Islands_VG",
        "Auvergne-Rhône-Alpes_FR",
        "Bourgogne-Franche-Comté_FR",
        "Bretagne_FR",
        "Centre-Val_de_Loire_FR",
        "Corsica_FR",
        "Grand_Est_FR",
        "Hauts-de-France_FR",
        "Mayotte_FR",
        "Normandy_FR",
        "Nouvelle-Aquitaine_FR",
        "Occitanie_FR",
        "Pays_de_la_Loire_FR",
        "Provence-Alpes-Côte-d_Azur_FR",
        "Île-de-France_FR",
        "Adana_TR",
        "Adiyaman_TR",
        "Afyonkarahisar_TR",
        "Agri_TR",
        "Aksaray_TR",
        "Amasya_TR",
        "Ankara_TR",
        "Antalya_TR",
        "Ardahan_TR",
        "Artvin_TR",
        "Aydin_TR",
        "Balikesir_TR",
        "Bartın_TR",
        "Batman_TR",
        "Bayburt_TR",
        "Bilecik_TR",
        "Bingöl_TR",
        "Bitlis_TR",
        "Bolu_TR",
        "Burdur_TR",
        "Bursa_TR",
        "Denizli_TR",
        "Diyarbakir_TR",
        "Düzce_TR",
        "Edirne_TR",
        "Elazig_TR",
        "Erzincan_TR",
        "Erzurum_TR",
        "Eskisehir_TR",
        "Gaziantep_TR",
        "Giresun_TR",
        "Gümüshane_TR",
        "Hakkari_TR",
        "Hatay_TR",
        "Isparta_TR",
        "Istanbul_TR",
        "Izmir_TR",
        "Iğdir_TR",
        "K__Maras_TR",
        "Karabük_TR",
        "Karaman_TR",
        "Kars_TR",
        "Kastamonu_TR",
        "Kayseri_TR",
        "Kilis_TR",
        "Kirklareli_TR",
        "Kirsehir_TR",
        "Kocaeli_TR",
        "Konya_TR",
        "Kütahya_TR",
        "Kırıkkale_TR",
        "Malatya_TR",
        "Manisa_TR",
        "Mardin_TR",
        "Mersin_TR",
        "Mugla_TR",
        "Mus_TR",
        "Nevsehir_TR",
        "Nigde_TR",
        "Ordu_TR",
        "Osmaniye_TR",
        "Rize_TR",
        "Sakarya_TR",
        "Samsun_TR",
        "Sanliurfa_TR",
        "Siirt_TR",
        "Sinop_TR",
        "Sirnak_TR",
        "Sivas_TR",
        "Tekirdag_TR",
        "Tokat_TR",
        "Trabzon_TR",
        "Tunceli_TR",
        "Usak_TR",
        "Van_TR",
        "Yalova_TR",
        "Yozgat_TR",
        "Zonguldak_TR",
        "Çanakkale_TR",
        "Çankiri_TR",
        "Çorum_TR",
        "Drenthe_NL",
        "Flevoland_NL",
        "Friesland_NL",
        "Gelderland_NL",
        "Groningen_NL",
        "Limburg_NL",
        "Noord-Brabant_NL",
        "Noord-Holland_NL",
        "Overijssel_NL",
        "Utrecht_NL",
        "Zeeland_NL",
        "Zuid-Holland_NL",
        "Baden-Württemberg_DE",
        "Bayern_DE",
        "Berlin_DE",
        "Brandenburg_DE",
        "Bremen_DE",
        "Hamburg_DE",
        "Hessen_DE",
        "Mecklenburg-Vorpommern_DE",
        "Niedersachsen_DE",
        "Nordrhein-Westfalen_DE",
        "Rheinland-Pfalz_DE",
        "Saarland_DE",
        "Sachsen-Anhalt_DE",
        "Sachsen_DE",
        "Schleswig-Holstein_DE",
        "Thüringen_DE",
        "Jihoceský_CZ",
        "Jihomoravský_CZ",
        "Karlovarský_CZ",
        "Královéhradecký_CZ",
        "Liberecký_CZ",
        "Moravskoslezský_CZ",
        "Olomoucký_CZ",
        "Pardubický_CZ",
        "Plzenský_CZ",
        "Prague_CZ",
        "Stredoceský_CZ",
        "Vysocina_CZ",
        "Zlínský_CZ",
        "Ústecký_CZ",
        "Baranya_HU",
        "Borsod-Abaúj-Zemplén_HU",
        "Budapest_HU",
        "Bács-Kiskun_HU",
        "Békés_HU",
        "Csongrád_HU",
        "Fejér_HU",
        "Gyor-Moson-Sopron_HU",
        "Hajdú-Bihar_HU",
        "Heves_HU",
        "Jász-Nagykun-Szolnok_HU",
        "Komárom-Esztergom_HU",
        "Nógrád_HU",
        "Pest_HU",
        "Somogy_HU",
        "Szabolcs-Szatmár-Bereg_HU",
        "Tolna_HU",
        "Vas_HU",
        "Veszprém_HU",
        "Zala_HU",
        "Abruzzo_IT",
        "Apulia_IT",
        "Basilicata_IT",
        "Calabria_IT",
        "Campania_IT",
        "Emilia-Romagna_IT",
        "Friuli-Venezia_Giulia_IT",
        "Lazio_IT",
        "Liguria_IT",
        "Lombardia_IT",
        "Marche_IT",
        "Molise_IT",
        "Piemonte_IT",
        "Sardegna_IT",
        "Sicily_IT",
        "Toscana_IT",
        "Trentino-Alto_Adige_IT",
        "Umbria_IT",
        "Valle_d_Aosta_IT",
        "Veneto_IT",
        "Vatican_VA",
        "Agion_Oros_GR",
        "Attiki_GR",
        "Central_Macedonia_GR",
        "Crete_GR",
        "Eastern_Macedonia_and_Thrace_GR",
        "Ionioi_Nisoi_GR",
        "Ipeiros_GR",
        "North_Aegean_GR",
        "Peloponnisos_GR",
        "South_Aegean_GR",
        "Stereá_Elláda_GR",
        "Thessalia_GR",
        "Western_Greece_GR",
        "Western_Macedonia_GR",
        "Andaman_and_Nicobar_IN",
        "Andhra_Pradesh_IN",
        "Arunachal_Pradesh_IN",
        "Assam_IN",
        "Bihar_IN",
        "Chandigarh_IN",
        "Chhattisgarh_IN",
        "Dadra_and_Nagar_Haveli_and_Daman_and_Diu_IN",
        "Delhi_IN",
        "Goa_IN",
        "Gujarat_IN",
        "Haryana_IN",
        "Himachal_Pradesh_IN",
        "Jammu_and_Kashmir_IN",
        "Jharkhand_IN",
        "Karnataka_IN",
        "Kerala_IN",
        "Ladakh_IN",
        "Lakshadweep_IN",
        "Madhya_Pradesh_IN",
        "Maharashtra_IN",
        "Manipur_IN",
        "Meghalaya_IN",
        "Mizoram_IN",
        "Nagaland_IN",
        "Odisha_IN",
        "Puducherry_IN",
        "Punjab_IN",
        "Rajasthan_IN",
        "Sikkim_IN",
        "Tamil_Nadu_IN",
        "Telangana_IN",
        "Tripura_IN",
        "Uttar_Pradesh_IN",
        "Uttarakhand_IN",
        "West_Bengal_IN",
        "Aargau_CH",
        "Appenzell_Ausserrhoden_CH",
        "Appenzell_Innerrhoden_CH",
        "Basel-Landschaft_CH",
        "Basel-Stadt_CH",
        "Bern_CH",
        "Fribourg_CH",
        "Genève_CH",
        "Glarus_CH",
        "Graubünden_CH",
        "Jura_CH",
        "Lucerne_CH",
        "Neuchâtel_CH",
        "Nidwalden_CH",
        "Obwalden_CH",
        "Sankt_Gallen_CH",
        "Schaffhausen_CH",
        "Schwyz_CH",
        "Solothurn_CH",
        "Thurgau_CH",
        "Ticino_CH",
        "Uri_CH",
        "Valais_CH",
        "Vaud_CH",
        "Zug_CH",
        "Zürich_CH",
        "Barking_and_Dagenham_UK",
        "Barnet_UK",
        "Bath_and_North_East_Somerset_UK",
        "Bedford_UK",
        "Bedfordshire_UK",
        "Berkshire_UK",
        "Bexley_UK",
        "Blackburn_with_Darwen_UK",
        "Blackpool_UK",
        "Bracknell_Forest_UK",
        "Brent_UK",
        "Brighton_and_Hove_UK",
        "Bristol_UK",
        "Bromley_UK",
        "Buckinghamshire_UK",
        "Cambridgeshire_UK",
        "Central_Bedfordshire_UK",
        "Cheshire_East_UK",
        "Cheshire_UK",
        "Cheshire_West_and_Chester_UK",
        "Cornwall_UK",
        "County_Durham_UK",
        "Croydon_UK",
        "Cumberland_UK",
        "Cumbria_UK",
        "Darlington_UK",
        "Derby_UK",
        "Derbyshire_UK",
        "Devon_UK",
        "Dorset_UK",
        "East_Riding_of_Yorkshire_UK",
        "East_Sussex_UK",
        "Enfield_UK",
        "Essex_UK",
        "Gloucestershire_UK",
        "Greenwich_UK",
        "Hackney_UK",
        "Halton_UK",
        "Hampshire_UK",
        "Haringey_UK",
        "Harrow_UK",
        "Hartlepool_UK",
        "Havering_UK",
        "Herefordshire_UK",
        "Hertfordshire_UK",
        "Hillingdon_UK",
        "Isle_of_Wight_UK",
        "Islington_UK",
        "Kent_UK",
        "Kingston_upon_Hull_UK",
        "Kingston_upon_Thames_UK",
        "Lambeth_UK",
        "Lancashire_UK",
        "Leicester_UK",
        "Leicestershire_UK",
        "Lewisham_UK",
        "Lincolnshire_UK",
        "London_Unitary_Authorities_UK",
        "Luton_UK",
        "Manchester_UK",
        "Medway_UK",
        "Merseyside_UK",
        "Merton_UK",
        "Middlesbrough_UK",
        "Milton_Keynes_UK",
        "Newham_UK",
        "Norfolk_UK",
        "North_East_Lincolnshire_UK",
        "North_Lincolnshire_UK",
        "North_Northamptonshire_UK",
        "North_Somerset_UK",
        "North_Yorkshire_UK",
        "Northamptonshire_UK",
        "Northumberland_UK",
        "Nottingham_UK",
        "Nottinghamshire_UK",
        "Oxfordshire_UK",
        "Peterborough_UK",
        "Plymouth_UK",
        "Poole_UK",
        "Portsmouth_UK",
        "Reading_UK",
        "Redbridge_UK",
        "Redcar_and_Cleveland_UK",
        "Richmond_upon_Thames_UK",
        "Rutland_UK",
        "Shropshire_UK",
        "Slough_UK",
        "Somerset_UK",
        "South_Gloucestershire_UK",
        "South_Yorkshire_UK",
        "Southampton_UK",
        "Southend-on-Sea_UK",
        "Staffordshire_UK",
        "Stockton-on-Tees_UK",
        "Stoke-on-Trent_UK",
        "Suffolk_UK",
        "Surrey_UK",
        "Sutton_UK",
        "Swindon_UK",
        "Telford_and_Wrekin_UK",
        "Thurrock_UK",
        "Torbay_UK",
        "Tyne_and_Wear_UK",
        "Waltham_Forest_UK",
        "Wandsworth_UK",
        "Warrington_UK",
        "Warwickshire_UK",
        "West_Berkshire_UK",
        "West_Midlands_UK",
        "West_Northamptonshire_UK",
        "West_Sussex_UK",
        "West_Yorkshire_UK",
        "Westmorland_and_Furness_UK",
        "Wiltshire_UK",
        "Windsor_and_Maidenhead_UK",
        "Wirral_UK",
        "Wokingham_UK",
        "Worcestershire_UK",
        "York_UK",
        "Aveiro_PT",
        "Azores_PT",
        "Beja_PT",
        "Braga_PT",
        "Bragança_PT",
        "Castelo_Branco_PT",
        "Coimbra_PT",
        "Faro_PT",
        "Guarda_PT",
        "Leiria_PT",
        "Lisboa_PT",
        "Madeira_PT",
        "Portalegre_PT",
        "Porto_PT",
        "Santarém_PT",
        "Setúbal_PT",
        "Viana_do_Castelo_PT",
        "Vila_Real_PT",
        "Viseu_PT",
        "Évora_PT",
        "Aichi_JP",
        "Akita_JP",
        "Aomori_JP",
        "Chiba_JP",
        "Ehime_JP",
        "Fukui_JP",
        "Fukuoka_JP",
        "Fukushima_JP",
        "Gifu_JP",
        "Gunma_JP",
        "Hiroshima_JP",
        "Hokkaido_JP",
        "Hyogo_JP",
        "Ibaraki_JP",
        "Ishikawa_JP",
        "Iwate_JP",
        "Kagawa_JP",
        "Kagoshima_JP",
        "Kanagawa_JP",
        "Kochi_JP",
        "Kumamoto_JP",
        "Kyoto_JP",
        "Mie_JP",
        "Miyagi_JP",
        "Miyazaki_JP",
        "Nagano_JP",
        "Nagasaki_JP",
        "Nara_JP",
        "Niigata_JP",
        "Oita_JP",
        "Okayama_JP",
        "Okinawa_JP",
        "Osaka_JP",
        "Saga_JP",
        "Saitama_JP",
        "Shiga_JP",
        "Shimane_JP",
        "Shizuoka_JP",
        "Tochigi_JP",
        "Tokushima_JP",
        "Tokyo_JP",
        "Tottori_JP",
        "Toyama_JP",
        "Wakayama_JP",
        "Yamagata_JP",
        "Yamaguchi_JP",
        "Yamanashi_JP",
        "Burgenland_AT",
        "Kärnten_AT",
        "Niederösterreich_AT",
        "Oberösterreich_AT",
        "Salzburg_AT",
        "Steiermark_AT",
        "Tirol_AT",
        "Vorarlberg_AT",
        "Wien_AT",
        "Banskobystrický_SK",
        "Bratislavský_SK",
        "Košický_SK",
        "Nitriansky_SK",
        "Prešov_SK",
        "Trenciansky_SK",
        "Trnavský_SK",
        "Žilinský_SK"
      ]
    },
    "#bdbdbd": {
      "label": "Minute",
      "paths": [
        "New_York_US",
        "New_Jersey_US",
        "Pennsylvania_US",
        "Connecticut_US",
        "Massachusetts_US",
        "New_Hampshire_US",
        "Maine_US",
        "Illinois_US",
        "Ohio_US",
        "Indiana_US",
        "Michigan_US",
        "West_Virginia_US",
        "Virginia_US",
        "Delaware_US",
        "Tennessee_US",
        "Ontario_CA",
        "Florida_US",
        "British_Columbia_CA",
        "District_of_Columbia_US",
        "Wisconsin_US",
        "California_US",
        "Arizona_US",
        "Utah_US",
        "Puerto_Rico_PR",
        "British_Virgin_Islands_VG",
        "Île-de-France_FR",
        "Centre-Val_de_Loire_FR",
        "Pays_de_la_Loire_FR",
        "Bretagne_FR",
        "Normandy_FR",
        "Minnesota_US",
        "Rhode_Island_US",
        "Maryland_US",
        "North_Carolina_US",
        "South_Carolina_US",
        "Georgia_US",
        "Missouri_US",
        "Arkansas_US",
        "Washington_US",
        "Texas_US",
        "Istanbul_TR",
        "Nevsehir_TR",
        "Nigde_TR",
        "Aksaray_TR",
        "Noord-Holland_NL",
        "Utrecht_NL",
        "Gelderland_NL",
        "Overijssel_NL",
        "Nordrhein-Westfalen_DE",
        "Niedersachsen_DE",
        "Sachsen-Anhalt_DE",
        "Brandenburg_DE",
        "Berlin_DE",
        "Sachsen_DE",
        "Ústecký_CZ",
        "Stredoceský_CZ",
        "Prague_CZ",
        "Pardubický_CZ",
        "Jihomoravský_CZ",
        "Trnavský_SK",
        "Bratislavský_SK",
        "Nitriansky_SK",
        "Pest_HU",
        "Budapest_HU",
        "Lombardia_IT",
        "Piemonte_IT",
        "Liguria_IT",
        "Toscana_IT",
        "Umbria_IT",
        "Lazio_IT",
        "Vatican_VA",
        "Attiki_GR",
        "South_Aegean_GR",
        "Delhi_IN",
        "Goa_IN",
        "Uttar_Pradesh_IN",
        "Uttarakhand_IN",
        "Dubay_AE",
        "Nevada_US",
        "South_Dakota_US",
        "Wyoming_US",
        "Montana_US",
        "North_Dakota_US",
        "Kentucky_US",
        "Alabama_US",
        "Grand_Est_FR",
        "Baden-Württemberg_DE",
        "Hessen_DE",
        "Zürich_CH",
        "Aargau_CH",
        "Solothurn_CH",
        "Bern_CH",
        "Mississippi_US",
        "Louisiana_US",
        "Hounslow_UK",
        "Hammersmith_and_Fulham_UK",
        "Kensington_and_Chelsea_UK",
        "Westminster_UK",
        "Camden_UK",
        "City_of_London_UK",
        "Tower_Hamlets_UK",
        "Southwark_UK",
        "Ealing_UK",
        "Madeira_PT",
        "Porto_PT",
        "Vila_Real_PT",
        "Viseu_PT",
        "Bragança_PT",
        "Lisboa_PT",
        "Tokyo_JP",
        "Kanagawa_JP",
        "Shizuoka_JP",
        "Aichi_JP",
        "Gifu_JP",
        "Shiga_JP",
        "Kyoto_JP",
        "Nara_JP",
        "Osaka_JP",
        "Hyogo_JP",
        "Okayama_JP",
        "Hiroshima_JP",
        "Yamaguchi_JP",
        "Fukuoka_JP",
        "Oita_JP",
        "Kumamoto_JP",
        "Miyazaki_JP",
        "Bayern_DE",
        "Maharashtra_IN",
        "Rajasthan_IN",
        "Haryana_IN",
        "Incheon_KR",
        "Schwyz_CH",
        "Glarus_CH",
        "Sankt_Gallen_CH",
        "Graubünden_CH",
        "Tirol_AT",
        "Salzburg_AT",
        "Oberösterreich_AT",
        "Niederösterreich_AT",
        "Wien_AT"
      ]
    },
    "#ffeda0": {
      "label": "Hour",
      "paths": [
        "New_York_US",
        "Pennsylvania_US",
        "Connecticut_US",
        "Massachusetts_US",
        "New_Hampshire_US",
        "Maine_US",
        "Illinois_US",
        "Ohio_US",
        "Indiana_US",
        "Michigan_US",
        "Virginia_US",
        "Tennessee_US",
        "Ontario_CA",
        "Florida_US",
        "British_Columbia_CA",
        "District_of_Columbia_US",
        "Wisconsin_US",
        "California_US",
        "Arizona_US",
        "Utah_US",
        "Puerto_Rico_PR",
        "British_Virgin_Islands_VG",
        "Île-de-France_FR",
        "Bretagne_FR",
        "Normandy_FR",
        "Minnesota_US",
        "Rhode_Island_US",
        "Maryland_US",
        "North_Carolina_US",
        "South_Carolina_US",
        "Georgia_US",
        "Missouri_US",
        "Arkansas_US",
        "Washington_US",
        "Texas_US",
        "Istanbul_TR",
        "Nevsehir_TR",
        "Nigde_TR",
        "Aksaray_TR",
        "Noord-Holland_NL",
        "Berlin_DE",
        "Prague_CZ",
        "Budapest_HU",
        "Lombardia_IT",
        "Liguria_IT",
        "Toscana_IT",
        "Lazio_IT",
        "Vatican_VA",
        "Attiki_GR",
        "South_Aegean_GR",
        "Delhi_IN",
        "Goa_IN",
        "Uttar_Pradesh_IN",
        "Uttarakhand_IN",
        "Nevada_US",
        "South_Dakota_US",
        "Wyoming_US",
        "Montana_US",
        "North_Dakota_US",
        "Kentucky_US",
        "Alabama_US",
        "Grand_Est_FR",
        "Baden-Württemberg_DE",
        "Niedersachsen_DE",
        "Zürich_CH",
        "Bern_CH",
        "Mississippi_US",
        "Louisiana_US",
        "Kensington_and_Chelsea_UK",
        "Westminster_UK",
        "Camden_UK",
        "City_of_London_UK",
        "Tower_Hamlets_UK",
        "Southwark_UK",
        "Madeira_PT",
        "Porto_PT",
        "Vila_Real_PT",
        "Viseu_PT",
        "Lisboa_PT",
        "Tokyo_JP",
        "Kyoto_JP",
        "Nara_JP",
        "Osaka_JP",
        "Hyogo_JP",
        "Hiroshima_JP",
        "Fukuoka_JP",
        "Oita_JP",
        "Kumamoto_JP",
        "Miyazaki_JP",
        "Bayern_DE",
        "Maharashtra_IN",
        "Rajasthan_IN",
        "West_Virginia_US",
        "Graubünden_CH",
        "Tirol_AT",
        "Wien_AT",
        "Bratislavský_SK",
        "Niederösterreich_AT",
        "Salzburg_AT",
        "Oberösterreich_AT"
      ]
    },
    "#feb24c": {
      "label": "Day",
      "paths": [
        "New_York_US",
        "Pennsylvania_US",
        "Connecticut_US",
        "Massachusetts_US",
        "New_Hampshire_US",
        "Maine_US",
        "Illinois_US",
        "Ohio_US",
        "Indiana_US",
        "Michigan_US",
        "Virginia_US",
        "Tennessee_US",
        "Ontario_CA",
        "Florida_US",
        "British_Columbia_CA",
        "District_of_Columbia_US",
        "Wisconsin_US",
        "California_US",
        "Arizona_US",
        "Utah_US",
        "Puerto_Rico_PR",
        "British_Virgin_Islands_VG",
        "Île-de-France_FR",
        "Bretagne_FR",
        "Normandy_FR",
        "Minnesota_US",
        "Hawaii_US",
        "Georgia_US",
        "North_Carolina_US",
        "South_Carolina_US",
        "Washington_US",
        "Texas_US",
        "Istanbul_TR",
        "Nevsehir_TR",
        "Noord-Holland_NL",
        "Berlin_DE",
        "Prague_CZ",
        "Budapest_HU",
        "Lombardia_IT",
        "Liguria_IT",
        "Toscana_IT",
        "Lazio_IT",
        "Attiki_GR",
        "South_Aegean_GR",
        "Delhi_IN",
        "Goa_IN",
        "Uttarakhand_IN",
        "Missouri_US",
        "Nevada_US",
        "South_Dakota_US",
        "Wyoming_US",
        "Montana_US",
        "North_Dakota_US",
        "Grand_Est_FR",
        "Niedersachsen_DE",
        "Bern_CH",
        "Alabama_US",
        "Mississippi_US",
        "Kensington_and_Chelsea_UK",
        "Madeira_PT",
        "Porto_PT",
        "Lisboa_PT",
        "Tokyo_JP",
        "Kyoto_JP",
        "Osaka_JP",
        "Hiroshima_JP",
        "Fukuoka_JP",
        "Kumamoto_JP",
        "Bayern_DE",
        "Maharashtra_IN",
        "Rajasthan_IN",
        "Uttar_Pradesh_IN",
        "Kentucky_US",
        "West_Virginia_US",
        "Graubünden_CH",
        "Tirol_AT",
        "Wien_AT",
        "Salzburg_AT"
      ]
    },
    "#fc4e2a": {
      "label": "Month",
      "paths": [
        "New_York_US",
        "Illinois_US",
        "Maine_US",
        "New_Hampshire_US",
        "Georgia_US",
        "Tennessee_US",
        "North_Carolina_US",
        "Florida_US"
      ]
    },
    "#bd0026": {
      "label": "Year",
      "paths": [
        "New_York_US",
        "Illinois_US",
        "Maine_US",
        "New_Hampshire_US",
        "Georgia_US"
      ]
    }
  },
  "areBordersShown": true,
  "areLabelsShown": false,
  "background": "#000000",
  "borders": "#000000",
  "defaultColor": "#252525",
  "hidden": [],
  "labelsColor": "#000000",
  "labelsFont": "Arial",
  "legendBgColor": "rgba(0, 0, 0, 0)",
  "legendBorderColor": "#00000000",
  "legendBoxShape": "square",
  "legendColumnCount": 1,
  "legendFont": "Arial:400",
  "legendFontColor": "#ffffff",
  "legendPosition": "bottom_left",
  "legendRowsSameColor": true,
  "legendSize": "medium",
  "legendStatus": "show",
  "legendTranslateX": "0.00",
  "legendWidth": 530.9928778171648,
  "page": "world-subdivisions",
  "scalingPatterns": true,
  "strokeWidth": "thinner",
  "title": "Global Travel",
  "uncoloredScriptColor": "#ffff33",
  "v6": true,
  "zoomLevel": "1.00",
  "zoomX": "0.00",
  "zoomY": "0.00"
}
